F-PACE,F-PACE V6,E-PACE,E-PACE R-DYNAMIC,I-PACE EV400 SE,XE PORTFOLIO,XE R-SPORT D AUTO,XE SE D,S-TYPE,XF,XF S,XF E,XF R,XF3,XF V6,XJ LUXURY V6,XJ,XJL PORTFOLIO V6 D SALOON,XK8,XKR,XK A,X-TYPE,F TYPE,SOVEREIGN
SADCA2A,SADCA2A,SADFA2A,SADFA2A,SADHA2A,SAJAA4A,SAJAA4A,SAJAA4A,SAJAC01,SAJAC01,SAJAC01,SAJAC05,SAJAC05,SAJBA4A,SAJBB2A,SAJAC10,SAJAC02,SAJAC26,SAJAC42,SAJAC42,SAJAC43,SAJAC51,SAJAC60,SAJJCAL
,SADCA2C,,SADFA2C,,SAJAB4A,SAJAB4A,SAJAB4A,SAJAC02,SAJAC02,SAJAC02,,SAJBA2A,,SAJBB4A,,SAJAC12,SAJAC28,SAJJGAF,,,SAJAC52,SAJAC61,SAJJHAL
,SADCB2A,,SADFB2C,,SAJAB4C,SAJAB4C,SAJAB4C,SAJAD01,SAJAC05,SAJAC04,,SAJBA4A,,,,SAJAC13,,,,,SAJAC54,SAJAC63,
,SADCB2C,,,,,,,SAJAD02,SAJAC06,SAJAC05,,SAJBB2A,,,,SAJAC14,,,,,SAJAD51,SAJAC64,
,,,,,,,,SAJAD03,SAJAC07,SAJAC06,,SAJBB2C,,,,SAJAC16,,,,,SAJAD53,SAJAC65,
,,,,,,,,,SAJBA2A,SAJAC07,,SAJBB4A,,,,SAJAC18,,,,,SAJAG51,SAJAC66,
,,,,,,,,,SAJBA4A,SAJBB4A,,SAJBB4C,,,,SAJAC22,,,,,SAJAG52,SAJAC67,
,,,,,,,,,SAJBB2A,,,,,,,SAJAC26,,,,,SAJAG54,SAJAD65,
,,,,,,,,,SAJBB4A,,,,,,,SAJAC72,,,,,SAJAH51,SAJAL61,
,,,,,,,,,SAJBB4C,,,,,,,SAJAC73,,,,,SAJAH52,SAJAL63,
,,,,,,,,,,,,,,,,SAJAC79,,,,,SAJAH53,SAJAL65,
,,,,,,,,,,,,,,,,SAJAC87,,,,,SAJAH54,SAJAL67,
,,,,,,,,,,,,,,,,SAJJFAL,,,,,SAJAH55,SAJDA1A,
,,,,,,,,,,,,,,,,SAJJJAL,,,,,SAJAH56,SAJDA5A,
,,,,,,,,,,,,,,,,SAJJNAD,,,,,,SAJDB1A,
,,,,,,,,,,,,,,,,SAJJNAE,,,,,,,
