C,H,A,D,J,1,F,G,K,L,R,V,W,Y,Z,E
DEFENDER ,,,,,RANGE ROVER,FREELANDER,RANGE ROVER,RANGE ROVER,RANGE ROVER,,RANGE ROVER,RANGE ROVER,RANGE ROVER,RANGE ROVER,RANGE ROVER
DISCOVERY,,,,,,,RANGE ROVER AUTOBIOGRAPHY,,DISCOVERY,DISCOVERY,DISCOVERY,DEFENDER ,,RANGE ROVER EVOQUE,DEFENDER
,,,,,,,RANGE ROVER FIFTY,,DEFENDER ,,R R EVOQUE,RANGE ROVER SPORT,,R R EVOQUE,DEFENDER
,,,,,,,RANGE ROVER VOGUE,,FREELANDER,,,,,,
,,,,,,,,,110,,,,,,
,,,,,,,,,88,,,,,,
,,,,,,,,,90,,,,,,
,,,,,,,,,RANGE ROVER ANNIVERSARY,,,,,,
,,,,,,,,,RANGE ROVER AUTOBIOGRAPHY,,,,,,
,,,,,,,,,RANGE ROVER EVOQUE,,,,,,
,,,,,,,,,DEFENDER,,,,,,